Route,File,Domain,AuthScope,AdminOnly,Status
"/app/activity","src/routes/app.activity.tsx","Core","Authenticated","NO","Discovered"
"/app/admin/audit","src/routes/app.admin.audit.tsx","Administration","Admin Only (Deferred Design)","YES","Discovered"
"/app/admin","src/routes/app.admin.index.tsx","Administration","Admin Only (Deferred Design)","YES","Discovered"
"/app/admin/models","src/routes/app.admin.models.tsx","Administration","Admin Only (Deferred Design)","YES","Discovered"
"/app/admin/queue","src/routes/app.admin.queue.tsx","Administration","Admin Only (Deferred Design)","YES","Discovered"
"/app/admin/schema","src/routes/app.admin.schema.tsx","Administration","Admin Only (Deferred Design)","YES","Discovered"
"/app/admin/studio","src/routes/app.admin.studio.tsx","Administration","Admin Only (Deferred Design)","YES","Discovered"
"/app/admin/templates","src/routes/app.admin.templates.tsx","Administration","Admin Only (Deferred Design)","YES","Discovered"
"/app/admin","src/routes/app.admin.tsx","Administration","Admin Only (Deferred Design)","YES","Discovered"
"/app/admin/usage","src/routes/app.admin.usage.tsx","Administration","Admin Only (Deferred Design)","YES","Discovered"
"/app/admin/users","src/routes/app.admin.users.tsx","Administration","Admin Only (Deferred Design)","YES","Discovered"
"/app/admin/workbench","src/routes/app.admin.workbench.tsx","Administration","Admin Only (Deferred Design)","YES","Discovered"
"/app/analysis","src/routes/app.analysis.tsx","Engineering Intelligence","Analyst / Engineering","NO","Discovered"
"/app/billing/invoices","src/routes/app.billing.invoices.tsx","Billing & Invoices","Workspace Admin","NO","Discovered"
"/app/billing/plans","src/routes/app.billing.plans.tsx","Billing & Invoices","Workspace Admin","NO","Discovered"
"/app/billing","src/routes/app.billing.tsx","Billing & Invoices","Workspace Admin","NO","Discovered"
"/app/billing/usage","src/routes/app.billing.usage.tsx","Billing & Invoices","Workspace Admin","NO","Discovered"
"/app/chat","src/routes/app.chat.tsx","Core","Authenticated","NO","Discovered"
"/app/connectors","src/routes/app.connectors.tsx","Core","Authenticated","NO","Discovered"
"/app/datasets","src/routes/app.datasets.tsx","Core","Authenticated","NO","Discovered"
"/app/drift","src/routes/app.drift.tsx","Engineering Intelligence","Analyst / Engineering","NO","Discovered"
"/app/exports","src/routes/app.exports.tsx","Core","Authenticated","NO","Discovered"
"/app/github","src/routes/app.github.tsx","Core","Authenticated","NO","Discovered"
"/app/impact","src/routes/app.impact.tsx","Engineering Intelligence","Analyst / Engineering","NO","Discovered"
"/app","src/routes/app.index.tsx","Core","Authenticated","NO","Discovered"
"/app/integrations","src/routes/app.integrations.tsx","Core","Authenticated","NO","Discovered"
"/app/missions","src/routes/app.missions.tsx","Core","Authenticated","NO","Discovered"
"/app/notifications","src/routes/app.notifications.tsx","Core","Authenticated","NO","Discovered"
"/app/plugins","src/routes/app.plugins.tsx","Core","Authenticated","NO","Discovered"
"/app/preview","src/routes/app.preview.tsx","Core","Authenticated","NO","Discovered"
"/app/profile","src/routes/app.profile.tsx","Core","Authenticated","NO","Discovered"
"/app/projects/$id/activity","src/routes/app.projects.$id.activity.tsx","Project Engineering","Project Member","NO","Discovered"
"/app/projects/$id/analytics","src/routes/app.projects.$id.analytics.tsx","Project Engineering","Project Member","NO","Discovered"
"/app/projects/$id/blueprint","src/routes/app.projects.$id.blueprint.tsx","Project Engineering","Project Member","NO","Discovered"
"/app/projects/$id/code-health","src/routes/app.projects.$id.code-health.tsx","Project Engineering","Project Member","NO","Discovered"
"/app/projects/$id/collaborate","src/routes/app.projects.$id.collaborate.tsx","Project Engineering","Project Member","NO","Discovered"
"/app/projects/$id","src/routes/app.projects.$id.index.tsx","Project Engineering","Project Member","NO","Discovered"
"/app/projects/$id/integrations","src/routes/app.projects.$id.integrations.tsx","Project Engineering","Project Member","NO","Discovered"
"/app/projects/$id/publish","src/routes/app.projects.$id.publish.tsx","Project Engineering","Project Member","NO","Discovered"
"/app/projects/$id/reports","src/routes/app.projects.$id.reports.tsx","Project Engineering","Project Member","NO","Discovered"
"/app/projects/$id/requirements","src/routes/app.projects.$id.requirements.tsx","Project Engineering","Project Member","NO","Discovered"
"/app/projects/$id/risk-business","src/routes/app.projects.$id.risk-business.tsx","Project Engineering","Project Member","NO","Discovered"
"/app/projects/$id/scans","src/routes/app.projects.$id.scans.tsx","Project Engineering","Project Member","NO","Discovered"
"/app/projects/$id/security","src/routes/app.projects.$id.security.tsx","Project Engineering","Project Member","NO","Discovered"
"/app/projects/$id/tests","src/routes/app.projects.$id.tests.tsx","Project Engineering","Project Member","NO","Discovered"
"/app/projects/$id","src/routes/app.projects.$id.tsx","Project Engineering","Project Member","NO","Discovered"
"/app/projects/$id/versions","src/routes/app.projects.$id.versions.tsx","Project Engineering","Project Member","NO","Discovered"
"/app/projects","src/routes/app.projects.index.tsx","Project Engineering","Project Member","NO","Discovered"
"/app/projects/new","src/routes/app.projects.new.tsx","Project Engineering","Project Member","NO","Discovered"
"/app/reports/$id/view","src/routes/app.reports.$id.view.tsx","Core","Authenticated","NO","Discovered"
"/app/reports","src/routes/app.reports.tsx","Core","Authenticated","NO","Discovered"
"/app/search","src/routes/app.search.tsx","Core","Authenticated","NO","Discovered"
"/app/settings","src/routes/app.settings.tsx","Core","Authenticated","NO","Discovered"
"/app/simulation","src/routes/app.simulation.tsx","Core","Authenticated","NO","Discovered"
"/app/studio/$id/analytics","src/routes/app.studio.$id.analytics.tsx","Synthesis & Studio","Role-Aware Workspace","NO","Discovered"
"/app/studio/$id/blueprint","src/routes/app.studio.$id.blueprint.tsx","Synthesis & Studio","Role-Aware Workspace","NO","Discovered"
"/app/studio/$id/collaborate","src/routes/app.studio.$id.collaborate.tsx","Synthesis & Studio","Role-Aware Workspace","NO","Discovered"
"/app/studio/$id/data","src/routes/app.studio.$id.data.tsx","Synthesis & Studio","Role-Aware Workspace","NO","Discovered"
"/app/studio/$id/editor","src/routes/app.studio.$id.editor.tsx","Synthesis & Studio","Role-Aware Workspace","NO","Discovered"
"/app/studio/$id/export","src/routes/app.studio.$id.export.tsx","Synthesis & Studio","Role-Aware Workspace","NO","Discovered"
"/app/studio/$id/generate","src/routes/app.studio.$id.generate.tsx","Synthesis & Studio","Role-Aware Workspace","NO","Discovered"
"/app/studio/$id/generating","src/routes/app.studio.$id.generating.tsx","Synthesis & Studio","Role-Aware Workspace","NO","Discovered"
"/app/studio/$id","src/routes/app.studio.$id.index.tsx","Synthesis & Studio","Role-Aware Workspace","NO","Discovered"
"/app/studio/$id/integrations","src/routes/app.studio.$id.integrations.tsx","Synthesis & Studio","Role-Aware Workspace","NO","Discovered"
"/app/studio/$id/plan","src/routes/app.studio.$id.plan.tsx","Synthesis & Studio","Role-Aware Workspace","NO","Discovered"
"/app/studio/$id/preview","src/routes/app.studio.$id.preview.tsx","Synthesis & Studio","Role-Aware Workspace","NO","Discovered"
"/app/studio/$id/publish","src/routes/app.studio.$id.publish.tsx","Synthesis & Studio","Role-Aware Workspace","NO","Discovered"
"/app/studio/$id/security","src/routes/app.studio.$id.security.tsx","Synthesis & Studio","Role-Aware Workspace","NO","Discovered"
"/app/studio/$id/settings","src/routes/app.studio.$id.settings.tsx","Synthesis & Studio","Role-Aware Workspace","NO","Discovered"
"/app/studio/$id/tests","src/routes/app.studio.$id.tests.tsx","Synthesis & Studio","Role-Aware Workspace","NO","Discovered"
"/app/studio/$id","src/routes/app.studio.$id.tsx","Synthesis & Studio","Role-Aware Workspace","NO","Discovered"
"/app/studio/$id/versions","src/routes/app.studio.$id.versions.tsx","Synthesis & Studio","Role-Aware Workspace","NO","Discovered"
"/app/studio/create-website","src/routes/app.studio.create-website.tsx","Synthesis & Studio","Role-Aware Workspace","NO","Discovered"
"/app/studio/create","src/routes/app.studio.create.tsx","Synthesis & Studio","Role-Aware Workspace","NO","Discovered"
"/app/studio/import","src/routes/app.studio.import.tsx","Synthesis & Studio","Role-Aware Workspace","NO","Discovered"
"/app/studio","src/routes/app.studio.index.tsx","Synthesis & Studio","Role-Aware Workspace","NO","Discovered"
"/app/studio/templates","src/routes/app.studio.templates.tsx","Synthesis & Studio","Role-Aware Workspace","NO","Discovered"
"/app/system-flow","src/routes/app.system-flow.tsx","Core","Authenticated","NO","Discovered"
"/app/team/$id","src/routes/app.team.$id.tsx","Core","Authenticated","NO","Discovered"
"/app/team","src/routes/app.team.tsx","Core","Authenticated","NO","Discovered"
"/app","src/routes/app.tsx","Core","Authenticated","NO","Discovered"
"/app/workpulse","src/routes/app.workpulse.tsx","Core","Authenticated","NO","Discovered"
"/auth/callback","src/routes/auth.callback.tsx","Authentication","Public","NO","Discovered"
"/auth/github-callback","src/routes/auth.github-callback.tsx","Authentication","Public","NO","Discovered"
"/auth","src/routes/auth.tsx","Authentication","Public","NO","Discovered"
"/demo","src/routes/demo.tsx","Core","Authenticated","NO","Discovered"
"/developers","src/routes/developers.tsx","Core","Authenticated","NO","Discovered"
"/discover","src/routes/discover.tsx","Core","Authenticated","NO","Discovered"
"/forgot-password","src/routes/forgot-password.tsx","Authentication","Public","NO","Discovered"
"/github/callback","src/routes/github.callback.tsx","Core","Authenticated","NO","Discovered"
"/github","src/routes/github.tsx","Core","Authenticated","NO","Discovered"
"/help","src/routes/help.tsx","Core","Authenticated","NO","Discovered"
"/","src/routes/index.tsx","Core","Authenticated","NO","Discovered"
"/invite","src/routes/invite.tsx","Core","Authenticated","NO","Discovered"
"/login","src/routes/login.tsx","Authentication","Public","NO","Discovered"
"/onboarding","src/routes/onboarding.tsx","Core","Authenticated","NO","Discovered"
"/preview","src/routes/preview.tsx","Core","Authenticated","NO","Discovered"
"/register","src/routes/register.tsx","Authentication","Public","NO","Discovered"
"/reset-password","src/routes/reset-password.tsx","Core","Authenticated","NO","Discovered"
"/showcase","src/routes/showcase.tsx","Core","Authenticated","NO","Discovered"
"/verify-email","src/routes/verify-email.tsx","Authentication","Public","NO","Discovered"
"/","src/routes/__root.tsx","Core","Authenticated","NO","Discovered"