phase_id,section_code,source_entity,ingress_channel,transformation,persistence_target,evidence_id
P001,A,RequestPayload,API_Gateway,NormalizedDTO,Supabase_Or_Outbox,EVID-NUC-P001-A
P001,B,RequestPayload,API_Gateway,NormalizedDTO,Supabase_Or_Outbox,EVID-NUC-P001-B
P001,C,RequestPayload,API_Gateway,NormalizedDTO,Supabase_Or_Outbox,EVID-NUC-P001-C
P001,D,RequestPayload,API_Gateway,NormalizedDTO,Supabase_Or_Outbox,EVID-NUC-P001-D
P001,E,RequestPayload,API_Gateway,NormalizedDTO,Supabase_Or_Outbox,EVID-NUC-P001-E
P001,F,RequestPayload,API_Gateway,NormalizedDTO,Supabase_Or_Outbox,EVID-NUC-P001-F
P001,G,RequestPayload,API_Gateway,NormalizedDTO,Supabase_Or_Outbox,EVID-NUC-P001-G
P001,H,RequestPayload,API_Gateway,NormalizedDTO,Supabase_Or_Outbox,EVID-NUC-P001-H
P001,I,RequestPayload,API_Gateway,NormalizedDTO,Supabase_Or_Outbox,EVID-NUC-P001-I
P001,J,RequestPayload,API_Gateway,NormalizedDTO,Supabase_Or_Outbox,EVID-NUC-P001-J
P002,A,RequestPayload,API_Gateway,NormalizedDTO,Supabase_Or_Outbox,EVID-NUC-P002-A
P002,B,RequestPayload,API_Gateway,NormalizedDTO,Supabase_Or_Outbox,EVID-NUC-P002-B
P002,C,RequestPayload,API_Gateway,NormalizedDTO,Supabase_Or_Outbox,EVID-NUC-P002-C
P002,D,RequestPayload,API_Gateway,NormalizedDTO,Supabase_Or_Outbox,EVID-NUC-P002-D
P002,E,RequestPayload,API_Gateway,NormalizedDTO,Supabase_Or_Outbox,EVID-NUC-P002-E
P002,F,RequestPayload,API_Gateway,NormalizedDTO,Supabase_Or_Outbox,EVID-NUC-P002-F
P002,G,RequestPayload,API_Gateway,NormalizedDTO,Supabase_Or_Outbox,EVID-NUC-P002-G
P002,H,RequestPayload,API_Gateway,NormalizedDTO,Supabase_Or_Outbox,EVID-NUC-P002-H
P002,I,RequestPayload,API_Gateway,NormalizedDTO,Supabase_Or_Outbox,EVID-NUC-P002-I
P002,J,RequestPayload,API_Gateway,NormalizedDTO,Supabase_Or_Outbox,EVID-NUC-P002-J
P003,A,RequestPayload,API_Gateway,NormalizedDTO,Supabase_Or_Outbox,EVID-NUC-P003-A
P003,B,RequestPayload,API_Gateway,NormalizedDTO,Supabase_Or_Outbox,EVID-NUC-P003-B
P003,C,RequestPayload,API_Gateway,NormalizedDTO,Supabase_Or_Outbox,EVID-NUC-P003-C
P003,D,RequestPayload,API_Gateway,NormalizedDTO,Supabase_Or_Outbox,EVID-NUC-P003-D
P003,E,RequestPayload,API_Gateway,NormalizedDTO,Supabase_Or_Outbox,EVID-NUC-P003-E
P003,F,RequestPayload,API_Gateway,NormalizedDTO,Supabase_Or_Outbox,EVID-NUC-P003-F
P003,G,RequestPayload,API_Gateway,NormalizedDTO,Supabase_Or_Outbox,EVID-NUC-P003-G
P003,H,RequestPayload,API_Gateway,NormalizedDTO,Supabase_Or_Outbox,EVID-NUC-P003-H
P003,I,RequestPayload,API_Gateway,NormalizedDTO,Supabase_Or_Outbox,EVID-NUC-P003-I
P003,J,RequestPayload,API_Gateway,NormalizedDTO,Supabase_Or_Outbox,EVID-NUC-P003-J
P004,A,RequestPayload,API_Gateway,NormalizedDTO,Supabase_Or_Outbox,EVID-NUC-P004-A
P004,B,RequestPayload,API_Gateway,NormalizedDTO,Supabase_Or_Outbox,EVID-NUC-P004-B
P004,C,RequestPayload,API_Gateway,NormalizedDTO,Supabase_Or_Outbox,EVID-NUC-P004-C
P004,D,RequestPayload,API_Gateway,NormalizedDTO,Supabase_Or_Outbox,EVID-NUC-P004-D
P004,E,RequestPayload,API_Gateway,NormalizedDTO,Supabase_Or_Outbox,EVID-NUC-P004-E
P004,F,RequestPayload,API_Gateway,NormalizedDTO,Supabase_Or_Outbox,EVID-NUC-P004-F
P004,G,RequestPayload,API_Gateway,NormalizedDTO,Supabase_Or_Outbox,EVID-NUC-P004-G
P004,H,RequestPayload,API_Gateway,NormalizedDTO,Supabase_Or_Outbox,EVID-NUC-P004-H
P004,I,RequestPayload,API_Gateway,NormalizedDTO,Supabase_Or_Outbox,EVID-NUC-P004-I
P004,J,RequestPayload,API_Gateway,NormalizedDTO,Supabase_Or_Outbox,EVID-NUC-P004-J
P005,A,RequestPayload,API_Gateway,NormalizedDTO,Supabase_Or_Outbox,EVID-NUC-P005-A
P005,B,RequestPayload,API_Gateway,NormalizedDTO,Supabase_Or_Outbox,EVID-NUC-P005-B
P005,C,RequestPayload,API_Gateway,NormalizedDTO,Supabase_Or_Outbox,EVID-NUC-P005-C
P005,D,RequestPayload,API_Gateway,NormalizedDTO,Supabase_Or_Outbox,EVID-NUC-P005-D
P005,E,RequestPayload,API_Gateway,NormalizedDTO,Supabase_Or_Outbox,EVID-NUC-P005-E
P005,F,RequestPayload,API_Gateway,NormalizedDTO,Supabase_Or_Outbox,EVID-NUC-P005-F
P005,G,RequestPayload,API_Gateway,NormalizedDTO,Supabase_Or_Outbox,EVID-NUC-P005-G
P005,H,RequestPayload,API_Gateway,NormalizedDTO,Supabase_Or_Outbox,EVID-NUC-P005-H
P005,I,RequestPayload,API_Gateway,NormalizedDTO,Supabase_Or_Outbox,EVID-NUC-P005-I
P005,J,RequestPayload,API_Gateway,NormalizedDTO,Supabase_Or_Outbox,EVID-NUC-P005-J
P006,A,RequestPayload,API_Gateway,NormalizedDTO,Supabase_Or_Outbox,EVID-NUC-P006-A
P006,B,RequestPayload,API_Gateway,NormalizedDTO,Supabase_Or_Outbox,EVID-NUC-P006-B
P006,C,RequestPayload,API_Gateway,NormalizedDTO,Supabase_Or_Outbox,EVID-NUC-P006-C
P006,D,RequestPayload,API_Gateway,NormalizedDTO,Supabase_Or_Outbox,EVID-NUC-P006-D
P006,E,RequestPayload,API_Gateway,NormalizedDTO,Supabase_Or_Outbox,EVID-NUC-P006-E
P006,F,RequestPayload,API_Gateway,NormalizedDTO,Supabase_Or_Outbox,EVID-NUC-P006-F
P006,G,RequestPayload,API_Gateway,NormalizedDTO,Supabase_Or_Outbox,EVID-NUC-P006-G
P006,H,RequestPayload,API_Gateway,NormalizedDTO,Supabase_Or_Outbox,EVID-NUC-P006-H
P006,I,RequestPayload,API_Gateway,NormalizedDTO,Supabase_Or_Outbox,EVID-NUC-P006-I
P006,J,RequestPayload,API_Gateway,NormalizedDTO,Supabase_Or_Outbox,EVID-NUC-P006-J
P007,A,RequestPayload,API_Gateway,NormalizedDTO,Supabase_Or_Outbox,EVID-NUC-P007-A
P007,B,RequestPayload,API_Gateway,NormalizedDTO,Supabase_Or_Outbox,EVID-NUC-P007-B
P007,C,RequestPayload,API_Gateway,NormalizedDTO,Supabase_Or_Outbox,EVID-NUC-P007-C
P007,D,RequestPayload,API_Gateway,NormalizedDTO,Supabase_Or_Outbox,EVID-NUC-P007-D
P007,E,RequestPayload,API_Gateway,NormalizedDTO,Supabase_Or_Outbox,EVID-NUC-P007-E
P007,F,RequestPayload,API_Gateway,NormalizedDTO,Supabase_Or_Outbox,EVID-NUC-P007-F
P007,G,RequestPayload,API_Gateway,NormalizedDTO,Supabase_Or_Outbox,EVID-NUC-P007-G
P007,H,RequestPayload,API_Gateway,NormalizedDTO,Supabase_Or_Outbox,EVID-NUC-P007-H
P007,I,RequestPayload,API_Gateway,NormalizedDTO,Supabase_Or_Outbox,EVID-NUC-P007-I
P007,J,RequestPayload,API_Gateway,NormalizedDTO,Supabase_Or_Outbox,EVID-NUC-P007-J
P008,A,RequestPayload,API_Gateway,NormalizedDTO,Supabase_Or_Outbox,EVID-NUC-P008-A
P008,B,RequestPayload,API_Gateway,NormalizedDTO,Supabase_Or_Outbox,EVID-NUC-P008-B
P008,C,RequestPayload,API_Gateway,NormalizedDTO,Supabase_Or_Outbox,EVID-NUC-P008-C
P008,D,RequestPayload,API_Gateway,NormalizedDTO,Supabase_Or_Outbox,EVID-NUC-P008-D
P008,E,RequestPayload,API_Gateway,NormalizedDTO,Supabase_Or_Outbox,EVID-NUC-P008-E
P008,F,RequestPayload,API_Gateway,NormalizedDTO,Supabase_Or_Outbox,EVID-NUC-P008-F
P008,G,RequestPayload,API_Gateway,NormalizedDTO,Supabase_Or_Outbox,EVID-NUC-P008-G
P008,H,RequestPayload,API_Gateway,NormalizedDTO,Supabase_Or_Outbox,EVID-NUC-P008-H
P008,I,RequestPayload,API_Gateway,NormalizedDTO,Supabase_Or_Outbox,EVID-NUC-P008-I
P008,J,RequestPayload,API_Gateway,NormalizedDTO,Supabase_Or_Outbox,EVID-NUC-P008-J
P009,A,RequestPayload,API_Gateway,NormalizedDTO,Supabase_Or_Outbox,EVID-NUC-P009-A
P009,B,RequestPayload,API_Gateway,NormalizedDTO,Supabase_Or_Outbox,EVID-NUC-P009-B
P009,C,RequestPayload,API_Gateway,NormalizedDTO,Supabase_Or_Outbox,EVID-NUC-P009-C
P009,D,RequestPayload,API_Gateway,NormalizedDTO,Supabase_Or_Outbox,EVID-NUC-P009-D
P009,E,RequestPayload,API_Gateway,NormalizedDTO,Supabase_Or_Outbox,EVID-NUC-P009-E
P009,F,RequestPayload,API_Gateway,NormalizedDTO,Supabase_Or_Outbox,EVID-NUC-P009-F
P009,G,RequestPayload,API_Gateway,NormalizedDTO,Supabase_Or_Outbox,EVID-NUC-P009-G
P009,H,RequestPayload,API_Gateway,NormalizedDTO,Supabase_Or_Outbox,EVID-NUC-P009-H
P009,I,RequestPayload,API_Gateway,NormalizedDTO,Supabase_Or_Outbox,EVID-NUC-P009-I
P009,J,RequestPayload,API_Gateway,NormalizedDTO,Supabase_Or_Outbox,EVID-NUC-P009-J
P010,A,RequestPayload,API_Gateway,NormalizedDTO,Supabase_Or_Outbox,EVID-NUC-P010-A
P010,B,RequestPayload,API_Gateway,NormalizedDTO,Supabase_Or_Outbox,EVID-NUC-P010-B
P010,C,RequestPayload,API_Gateway,NormalizedDTO,Supabase_Or_Outbox,EVID-NUC-P010-C
P010,D,RequestPayload,API_Gateway,NormalizedDTO,Supabase_Or_Outbox,EVID-NUC-P010-D
P010,E,RequestPayload,API_Gateway,NormalizedDTO,Supabase_Or_Outbox,EVID-NUC-P010-E
P010,F,RequestPayload,API_Gateway,NormalizedDTO,Supabase_Or_Outbox,EVID-NUC-P010-F
P010,G,RequestPayload,API_Gateway,NormalizedDTO,Supabase_Or_Outbox,EVID-NUC-P010-G
P010,H,RequestPayload,API_Gateway,NormalizedDTO,Supabase_Or_Outbox,EVID-NUC-P010-H
P010,I,RequestPayload,API_Gateway,NormalizedDTO,Supabase_Or_Outbox,EVID-NUC-P010-I
P010,J,RequestPayload,API_Gateway,NormalizedDTO,Supabase_Or_Outbox,EVID-NUC-P010-J
P011,A,RequestPayload,API_Gateway,NormalizedDTO,Supabase_Or_Outbox,EVID-NUC-P011-A
P011,B,RequestPayload,API_Gateway,NormalizedDTO,Supabase_Or_Outbox,EVID-NUC-P011-B
P011,C,RequestPayload,API_Gateway,NormalizedDTO,Supabase_Or_Outbox,EVID-NUC-P011-C
P011,D,RequestPayload,API_Gateway,NormalizedDTO,Supabase_Or_Outbox,EVID-NUC-P011-D
P011,E,RequestPayload,API_Gateway,NormalizedDTO,Supabase_Or_Outbox,EVID-NUC-P011-E
P011,F,RequestPayload,API_Gateway,NormalizedDTO,Supabase_Or_Outbox,EVID-NUC-P011-F
P011,G,RequestPayload,API_Gateway,NormalizedDTO,Supabase_Or_Outbox,EVID-NUC-P011-G
P011,H,RequestPayload,API_Gateway,NormalizedDTO,Supabase_Or_Outbox,EVID-NUC-P011-H
P011,I,RequestPayload,API_Gateway,NormalizedDTO,Supabase_Or_Outbox,EVID-NUC-P011-I
P011,J,RequestPayload,API_Gateway,NormalizedDTO,Supabase_Or_Outbox,EVID-NUC-P011-J
P012,A,RequestPayload,API_Gateway,NormalizedDTO,Supabase_Or_Outbox,EVID-NUC-P012-A
P012,B,RequestPayload,API_Gateway,NormalizedDTO,Supabase_Or_Outbox,EVID-NUC-P012-B
P012,C,RequestPayload,API_Gateway,NormalizedDTO,Supabase_Or_Outbox,EVID-NUC-P012-C
P012,D,RequestPayload,API_Gateway,NormalizedDTO,Supabase_Or_Outbox,EVID-NUC-P012-D
P012,E,RequestPayload,API_Gateway,NormalizedDTO,Supabase_Or_Outbox,EVID-NUC-P012-E
P012,F,RequestPayload,API_Gateway,NormalizedDTO,Supabase_Or_Outbox,EVID-NUC-P012-F
P012,G,RequestPayload,API_Gateway,NormalizedDTO,Supabase_Or_Outbox,EVID-NUC-P012-G
P012,H,RequestPayload,API_Gateway,NormalizedDTO,Supabase_Or_Outbox,EVID-NUC-P012-H
P012,I,RequestPayload,API_Gateway,NormalizedDTO,Supabase_Or_Outbox,EVID-NUC-P012-I
P012,J,RequestPayload,API_Gateway,NormalizedDTO,Supabase_Or_Outbox,EVID-NUC-P012-J
P013,A,RequestPayload,API_Gateway,NormalizedDTO,Supabase_Or_Outbox,EVID-NUC-P013-A
P013,B,RequestPayload,API_Gateway,NormalizedDTO,Supabase_Or_Outbox,EVID-NUC-P013-B
P013,C,RequestPayload,API_Gateway,NormalizedDTO,Supabase_Or_Outbox,EVID-NUC-P013-C
P013,D,RequestPayload,API_Gateway,NormalizedDTO,Supabase_Or_Outbox,EVID-NUC-P013-D
P013,E,RequestPayload,API_Gateway,NormalizedDTO,Supabase_Or_Outbox,EVID-NUC-P013-E
P013,F,RequestPayload,API_Gateway,NormalizedDTO,Supabase_Or_Outbox,EVID-NUC-P013-F
P013,G,RequestPayload,API_Gateway,NormalizedDTO,Supabase_Or_Outbox,EVID-NUC-P013-G
P013,H,RequestPayload,API_Gateway,NormalizedDTO,Supabase_Or_Outbox,EVID-NUC-P013-H
P013,I,RequestPayload,API_Gateway,NormalizedDTO,Supabase_Or_Outbox,EVID-NUC-P013-I
P013,J,RequestPayload,API_Gateway,NormalizedDTO,Supabase_Or_Outbox,EVID-NUC-P013-J
P014,A,RequestPayload,API_Gateway,NormalizedDTO,Supabase_Or_Outbox,EVID-NUC-P014-A
P014,B,RequestPayload,API_Gateway,NormalizedDTO,Supabase_Or_Outbox,EVID-NUC-P014-B
P014,C,RequestPayload,API_Gateway,NormalizedDTO,Supabase_Or_Outbox,EVID-NUC-P014-C
P014,D,RequestPayload,API_Gateway,NormalizedDTO,Supabase_Or_Outbox,EVID-NUC-P014-D
P014,E,RequestPayload,API_Gateway,NormalizedDTO,Supabase_Or_Outbox,EVID-NUC-P014-E
P014,F,RequestPayload,API_Gateway,NormalizedDTO,Supabase_Or_Outbox,EVID-NUC-P014-F
P014,G,RequestPayload,API_Gateway,NormalizedDTO,Supabase_Or_Outbox,EVID-NUC-P014-G
P014,H,RequestPayload,API_Gateway,NormalizedDTO,Supabase_Or_Outbox,EVID-NUC-P014-H
P014,I,RequestPayload,API_Gateway,NormalizedDTO,Supabase_Or_Outbox,EVID-NUC-P014-I
P014,J,RequestPayload,API_Gateway,NormalizedDTO,Supabase_Or_Outbox,EVID-NUC-P014-J
P015,A,RequestPayload,API_Gateway,NormalizedDTO,Supabase_Or_Outbox,EVID-NUC-P015-A
P015,B,RequestPayload,API_Gateway,NormalizedDTO,Supabase_Or_Outbox,EVID-NUC-P015-B
P015,C,RequestPayload,API_Gateway,NormalizedDTO,Supabase_Or_Outbox,EVID-NUC-P015-C
P015,D,RequestPayload,API_Gateway,NormalizedDTO,Supabase_Or_Outbox,EVID-NUC-P015-D
P015,E,RequestPayload,API_Gateway,NormalizedDTO,Supabase_Or_Outbox,EVID-NUC-P015-E
P015,F,RequestPayload,API_Gateway,NormalizedDTO,Supabase_Or_Outbox,EVID-NUC-P015-F
P015,G,RequestPayload,API_Gateway,NormalizedDTO,Supabase_Or_Outbox,EVID-NUC-P015-G
P015,H,RequestPayload,API_Gateway,NormalizedDTO,Supabase_Or_Outbox,EVID-NUC-P015-H
P015,I,RequestPayload,API_Gateway,NormalizedDTO,Supabase_Or_Outbox,EVID-NUC-P015-I
P015,J,RequestPayload,API_Gateway,NormalizedDTO,Supabase_Or_Outbox,EVID-NUC-P015-J
P016,A,RequestPayload,API_Gateway,NormalizedDTO,Supabase_Or_Outbox,EVID-NUC-P016-A
P016,B,RequestPayload,API_Gateway,NormalizedDTO,Supabase_Or_Outbox,EVID-NUC-P016-B
P016,C,RequestPayload,API_Gateway,NormalizedDTO,Supabase_Or_Outbox,EVID-NUC-P016-C
P016,D,RequestPayload,API_Gateway,NormalizedDTO,Supabase_Or_Outbox,EVID-NUC-P016-D
P016,E,RequestPayload,API_Gateway,NormalizedDTO,Supabase_Or_Outbox,EVID-NUC-P016-E
P016,F,RequestPayload,API_Gateway,NormalizedDTO,Supabase_Or_Outbox,EVID-NUC-P016-F
P016,G,RequestPayload,API_Gateway,NormalizedDTO,Supabase_Or_Outbox,EVID-NUC-P016-G
P016,H,RequestPayload,API_Gateway,NormalizedDTO,Supabase_Or_Outbox,EVID-NUC-P016-H
P016,I,RequestPayload,API_Gateway,NormalizedDTO,Supabase_Or_Outbox,EVID-NUC-P016-I
P016,J,RequestPayload,API_Gateway,NormalizedDTO,Supabase_Or_Outbox,EVID-NUC-P016-J
P017,A,RequestPayload,API_Gateway,NormalizedDTO,Supabase_Or_Outbox,EVID-NUC-P017-A
P017,B,RequestPayload,API_Gateway,NormalizedDTO,Supabase_Or_Outbox,EVID-NUC-P017-B
P017,C,RequestPayload,API_Gateway,NormalizedDTO,Supabase_Or_Outbox,EVID-NUC-P017-C
P017,D,RequestPayload,API_Gateway,NormalizedDTO,Supabase_Or_Outbox,EVID-NUC-P017-D
P017,E,RequestPayload,API_Gateway,NormalizedDTO,Supabase_Or_Outbox,EVID-NUC-P017-E
P017,F,RequestPayload,API_Gateway,NormalizedDTO,Supabase_Or_Outbox,EVID-NUC-P017-F
P017,G,RequestPayload,API_Gateway,NormalizedDTO,Supabase_Or_Outbox,EVID-NUC-P017-G
P017,H,RequestPayload,API_Gateway,NormalizedDTO,Supabase_Or_Outbox,EVID-NUC-P017-H
P017,I,RequestPayload,API_Gateway,NormalizedDTO,Supabase_Or_Outbox,EVID-NUC-P017-I
P017,J,RequestPayload,API_Gateway,NormalizedDTO,Supabase_Or_Outbox,EVID-NUC-P017-J
P018,A,RequestPayload,API_Gateway,NormalizedDTO,Supabase_Or_Outbox,EVID-NUC-P018-A
P018,B,RequestPayload,API_Gateway,NormalizedDTO,Supabase_Or_Outbox,EVID-NUC-P018-B
P018,C,RequestPayload,API_Gateway,NormalizedDTO,Supabase_Or_Outbox,EVID-NUC-P018-C
P018,D,RequestPayload,API_Gateway,NormalizedDTO,Supabase_Or_Outbox,EVID-NUC-P018-D
P018,E,RequestPayload,API_Gateway,NormalizedDTO,Supabase_Or_Outbox,EVID-NUC-P018-E
P018,F,RequestPayload,API_Gateway,NormalizedDTO,Supabase_Or_Outbox,EVID-NUC-P018-F
P018,G,RequestPayload,API_Gateway,NormalizedDTO,Supabase_Or_Outbox,EVID-NUC-P018-G
P018,H,RequestPayload,API_Gateway,NormalizedDTO,Supabase_Or_Outbox,EVID-NUC-P018-H
P018,I,RequestPayload,API_Gateway,NormalizedDTO,Supabase_Or_Outbox,EVID-NUC-P018-I
P018,J,RequestPayload,API_Gateway,NormalizedDTO,Supabase_Or_Outbox,EVID-NUC-P018-J
P019,A,RequestPayload,API_Gateway,NormalizedDTO,Supabase_Or_Outbox,EVID-NUC-P019-A
P019,B,RequestPayload,API_Gateway,NormalizedDTO,Supabase_Or_Outbox,EVID-NUC-P019-B
P019,C,RequestPayload,API_Gateway,NormalizedDTO,Supabase_Or_Outbox,EVID-NUC-P019-C
P019,D,RequestPayload,API_Gateway,NormalizedDTO,Supabase_Or_Outbox,EVID-NUC-P019-D
P019,E,RequestPayload,API_Gateway,NormalizedDTO,Supabase_Or_Outbox,EVID-NUC-P019-E
P019,F,RequestPayload,API_Gateway,NormalizedDTO,Supabase_Or_Outbox,EVID-NUC-P019-F
P019,G,RequestPayload,API_Gateway,NormalizedDTO,Supabase_Or_Outbox,EVID-NUC-P019-G
P019,H,RequestPayload,API_Gateway,NormalizedDTO,Supabase_Or_Outbox,EVID-NUC-P019-H
P019,I,RequestPayload,API_Gateway,NormalizedDTO,Supabase_Or_Outbox,EVID-NUC-P019-I
P019,J,RequestPayload,API_Gateway,NormalizedDTO,Supabase_Or_Outbox,EVID-NUC-P019-J
P020,A,RequestPayload,API_Gateway,NormalizedDTO,Supabase_Or_Outbox,EVID-NUC-P020-A
P020,B,RequestPayload,API_Gateway,NormalizedDTO,Supabase_Or_Outbox,EVID-NUC-P020-B
P020,C,RequestPayload,API_Gateway,NormalizedDTO,Supabase_Or_Outbox,EVID-NUC-P020-C
P020,D,RequestPayload,API_Gateway,NormalizedDTO,Supabase_Or_Outbox,EVID-NUC-P020-D
P020,E,RequestPayload,API_Gateway,NormalizedDTO,Supabase_Or_Outbox,EVID-NUC-P020-E
P020,F,RequestPayload,API_Gateway,NormalizedDTO,Supabase_Or_Outbox,EVID-NUC-P020-F
P020,G,RequestPayload,API_Gateway,NormalizedDTO,Supabase_Or_Outbox,EVID-NUC-P020-G
P020,H,RequestPayload,API_Gateway,NormalizedDTO,Supabase_Or_Outbox,EVID-NUC-P020-H
P020,I,RequestPayload,API_Gateway,NormalizedDTO,Supabase_Or_Outbox,EVID-NUC-P020-I
P020,J,RequestPayload,API_Gateway,NormalizedDTO,Supabase_Or_Outbox,EVID-NUC-P020-J
P021,A,RequestPayload,API_Gateway,NormalizedDTO,Supabase_Or_Outbox,EVID-NUC-P021-A
P021,B,RequestPayload,API_Gateway,NormalizedDTO,Supabase_Or_Outbox,EVID-NUC-P021-B
P021,C,RequestPayload,API_Gateway,NormalizedDTO,Supabase_Or_Outbox,EVID-NUC-P021-C
P021,D,RequestPayload,API_Gateway,NormalizedDTO,Supabase_Or_Outbox,EVID-NUC-P021-D
P021,E,RequestPayload,API_Gateway,NormalizedDTO,Supabase_Or_Outbox,EVID-NUC-P021-E
P021,F,RequestPayload,API_Gateway,NormalizedDTO,Supabase_Or_Outbox,EVID-NUC-P021-F
P021,G,RequestPayload,API_Gateway,NormalizedDTO,Supabase_Or_Outbox,EVID-NUC-P021-G
P021,H,RequestPayload,API_Gateway,NormalizedDTO,Supabase_Or_Outbox,EVID-NUC-P021-H
P021,I,RequestPayload,API_Gateway,NormalizedDTO,Supabase_Or_Outbox,EVID-NUC-P021-I
P021,J,RequestPayload,API_Gateway,NormalizedDTO,Supabase_Or_Outbox,EVID-NUC-P021-J
P022,A,RequestPayload,API_Gateway,NormalizedDTO,Supabase_Or_Outbox,EVID-NUC-P022-A
P022,B,RequestPayload,API_Gateway,NormalizedDTO,Supabase_Or_Outbox,EVID-NUC-P022-B
P022,C,RequestPayload,API_Gateway,NormalizedDTO,Supabase_Or_Outbox,EVID-NUC-P022-C
P022,D,RequestPayload,API_Gateway,NormalizedDTO,Supabase_Or_Outbox,EVID-NUC-P022-D
P022,E,RequestPayload,API_Gateway,NormalizedDTO,Supabase_Or_Outbox,EVID-NUC-P022-E
P022,F,RequestPayload,API_Gateway,NormalizedDTO,Supabase_Or_Outbox,EVID-NUC-P022-F
P022,G,RequestPayload,API_Gateway,NormalizedDTO,Supabase_Or_Outbox,EVID-NUC-P022-G
P022,H,RequestPayload,API_Gateway,NormalizedDTO,Supabase_Or_Outbox,EVID-NUC-P022-H
P022,I,RequestPayload,API_Gateway,NormalizedDTO,Supabase_Or_Outbox,EVID-NUC-P022-I
P022,J,RequestPayload,API_Gateway,NormalizedDTO,Supabase_Or_Outbox,EVID-NUC-P022-J
P023,A,RequestPayload,API_Gateway,NormalizedDTO,Supabase_Or_Outbox,EVID-NUC-P023-A
P023,B,RequestPayload,API_Gateway,NormalizedDTO,Supabase_Or_Outbox,EVID-NUC-P023-B
P023,C,RequestPayload,API_Gateway,NormalizedDTO,Supabase_Or_Outbox,EVID-NUC-P023-C
P023,D,RequestPayload,API_Gateway,NormalizedDTO,Supabase_Or_Outbox,EVID-NUC-P023-D
P023,E,RequestPayload,API_Gateway,NormalizedDTO,Supabase_Or_Outbox,EVID-NUC-P023-E
P023,F,RequestPayload,API_Gateway,NormalizedDTO,Supabase_Or_Outbox,EVID-NUC-P023-F
P023,G,RequestPayload,API_Gateway,NormalizedDTO,Supabase_Or_Outbox,EVID-NUC-P023-G
P023,H,RequestPayload,API_Gateway,NormalizedDTO,Supabase_Or_Outbox,EVID-NUC-P023-H
P023,I,RequestPayload,API_Gateway,NormalizedDTO,Supabase_Or_Outbox,EVID-NUC-P023-I
P023,J,RequestPayload,API_Gateway,NormalizedDTO,Supabase_Or_Outbox,EVID-NUC-P023-J
P024,A,RequestPayload,API_Gateway,NormalizedDTO,Supabase_Or_Outbox,EVID-NUC-P024-A
P024,B,RequestPayload,API_Gateway,NormalizedDTO,Supabase_Or_Outbox,EVID-NUC-P024-B
P024,C,RequestPayload,API_Gateway,NormalizedDTO,Supabase_Or_Outbox,EVID-NUC-P024-C
P024,D,RequestPayload,API_Gateway,NormalizedDTO,Supabase_Or_Outbox,EVID-NUC-P024-D
P024,E,RequestPayload,API_Gateway,NormalizedDTO,Supabase_Or_Outbox,EVID-NUC-P024-E
P024,F,RequestPayload,API_Gateway,NormalizedDTO,Supabase_Or_Outbox,EVID-NUC-P024-F
P024,G,RequestPayload,API_Gateway,NormalizedDTO,Supabase_Or_Outbox,EVID-NUC-P024-G
P024,H,RequestPayload,API_Gateway,NormalizedDTO,Supabase_Or_Outbox,EVID-NUC-P024-H
P024,I,RequestPayload,API_Gateway,NormalizedDTO,Supabase_Or_Outbox,EVID-NUC-P024-I
P024,J,RequestPayload,API_Gateway,NormalizedDTO,Supabase_Or_Outbox,EVID-NUC-P024-J
P025,A,RequestPayload,API_Gateway,NormalizedDTO,Supabase_Or_Outbox,EVID-NUC-P025-A
P025,B,RequestPayload,API_Gateway,NormalizedDTO,Supabase_Or_Outbox,EVID-NUC-P025-B
P025,C,RequestPayload,API_Gateway,NormalizedDTO,Supabase_Or_Outbox,EVID-NUC-P025-C
P025,D,RequestPayload,API_Gateway,NormalizedDTO,Supabase_Or_Outbox,EVID-NUC-P025-D
P025,E,RequestPayload,API_Gateway,NormalizedDTO,Supabase_Or_Outbox,EVID-NUC-P025-E
P025,F,RequestPayload,API_Gateway,NormalizedDTO,Supabase_Or_Outbox,EVID-NUC-P025-F
P025,G,RequestPayload,API_Gateway,NormalizedDTO,Supabase_Or_Outbox,EVID-NUC-P025-G
P025,H,RequestPayload,API_Gateway,NormalizedDTO,Supabase_Or_Outbox,EVID-NUC-P025-H
P025,I,RequestPayload,API_Gateway,NormalizedDTO,Supabase_Or_Outbox,EVID-NUC-P025-I
P025,J,RequestPayload,API_Gateway,NormalizedDTO,Supabase_Or_Outbox,EVID-NUC-P025-J
P026,A,RequestPayload,API_Gateway,NormalizedDTO,Supabase_Or_Outbox,EVID-NUC-P026-A
P026,B,RequestPayload,API_Gateway,NormalizedDTO,Supabase_Or_Outbox,EVID-NUC-P026-B
P026,C,RequestPayload,API_Gateway,NormalizedDTO,Supabase_Or_Outbox,EVID-NUC-P026-C
P026,D,RequestPayload,API_Gateway,NormalizedDTO,Supabase_Or_Outbox,EVID-NUC-P026-D
P026,E,RequestPayload,API_Gateway,NormalizedDTO,Supabase_Or_Outbox,EVID-NUC-P026-E
P026,F,RequestPayload,API_Gateway,NormalizedDTO,Supabase_Or_Outbox,EVID-NUC-P026-F
P026,G,RequestPayload,API_Gateway,NormalizedDTO,Supabase_Or_Outbox,EVID-NUC-P026-G
P026,H,RequestPayload,API_Gateway,NormalizedDTO,Supabase_Or_Outbox,EVID-NUC-P026-H
P026,I,RequestPayload,API_Gateway,NormalizedDTO,Supabase_Or_Outbox,EVID-NUC-P026-I
P026,J,RequestPayload,API_Gateway,NormalizedDTO,Supabase_Or_Outbox,EVID-NUC-P026-J
P027,A,RequestPayload,API_Gateway,NormalizedDTO,Supabase_Or_Outbox,EVID-NUC-P027-A
P027,B,RequestPayload,API_Gateway,NormalizedDTO,Supabase_Or_Outbox,EVID-NUC-P027-B
P027,C,RequestPayload,API_Gateway,NormalizedDTO,Supabase_Or_Outbox,EVID-NUC-P027-C
P027,D,RequestPayload,API_Gateway,NormalizedDTO,Supabase_Or_Outbox,EVID-NUC-P027-D
P027,E,RequestPayload,API_Gateway,NormalizedDTO,Supabase_Or_Outbox,EVID-NUC-P027-E
P027,F,RequestPayload,API_Gateway,NormalizedDTO,Supabase_Or_Outbox,EVID-NUC-P027-F
P027,G,RequestPayload,API_Gateway,NormalizedDTO,Supabase_Or_Outbox,EVID-NUC-P027-G
P027,H,RequestPayload,API_Gateway,NormalizedDTO,Supabase_Or_Outbox,EVID-NUC-P027-H
P027,I,RequestPayload,API_Gateway,NormalizedDTO,Supabase_Or_Outbox,EVID-NUC-P027-I
P027,J,RequestPayload,API_Gateway,NormalizedDTO,Supabase_Or_Outbox,EVID-NUC-P027-J
P028,A,RequestPayload,API_Gateway,NormalizedDTO,Supabase_Or_Outbox,EVID-NUC-P028-A
P028,B,RequestPayload,API_Gateway,NormalizedDTO,Supabase_Or_Outbox,EVID-NUC-P028-B
P028,C,RequestPayload,API_Gateway,NormalizedDTO,Supabase_Or_Outbox,EVID-NUC-P028-C
P028,D,RequestPayload,API_Gateway,NormalizedDTO,Supabase_Or_Outbox,EVID-NUC-P028-D
P028,E,RequestPayload,API_Gateway,NormalizedDTO,Supabase_Or_Outbox,EVID-NUC-P028-E
P028,F,RequestPayload,API_Gateway,NormalizedDTO,Supabase_Or_Outbox,EVID-NUC-P028-F
P028,G,RequestPayload,API_Gateway,NormalizedDTO,Supabase_Or_Outbox,EVID-NUC-P028-G
P028,H,RequestPayload,API_Gateway,NormalizedDTO,Supabase_Or_Outbox,EVID-NUC-P028-H
P028,I,RequestPayload,API_Gateway,NormalizedDTO,Supabase_Or_Outbox,EVID-NUC-P028-I
P028,J,RequestPayload,API_Gateway,NormalizedDTO,Supabase_Or_Outbox,EVID-NUC-P028-J
P029,A,RequestPayload,API_Gateway,NormalizedDTO,Supabase_Or_Outbox,EVID-NUC-P029-A
P029,B,RequestPayload,API_Gateway,NormalizedDTO,Supabase_Or_Outbox,EVID-NUC-P029-B
P029,C,RequestPayload,API_Gateway,NormalizedDTO,Supabase_Or_Outbox,EVID-NUC-P029-C
P029,D,RequestPayload,API_Gateway,NormalizedDTO,Supabase_Or_Outbox,EVID-NUC-P029-D
P029,E,RequestPayload,API_Gateway,NormalizedDTO,Supabase_Or_Outbox,EVID-NUC-P029-E
P029,F,RequestPayload,API_Gateway,NormalizedDTO,Supabase_Or_Outbox,EVID-NUC-P029-F
P029,G,RequestPayload,API_Gateway,NormalizedDTO,Supabase_Or_Outbox,EVID-NUC-P029-G
P029,H,RequestPayload,API_Gateway,NormalizedDTO,Supabase_Or_Outbox,EVID-NUC-P029-H
P029,I,RequestPayload,API_Gateway,NormalizedDTO,Supabase_Or_Outbox,EVID-NUC-P029-I
P029,J,RequestPayload,API_Gateway,NormalizedDTO,Supabase_Or_Outbox,EVID-NUC-P029-J
P030,A,RequestPayload,API_Gateway,NormalizedDTO,Supabase_Or_Outbox,EVID-NUC-P030-A
P030,B,RequestPayload,API_Gateway,NormalizedDTO,Supabase_Or_Outbox,EVID-NUC-P030-B
P030,C,RequestPayload,API_Gateway,NormalizedDTO,Supabase_Or_Outbox,EVID-NUC-P030-C
P030,D,RequestPayload,API_Gateway,NormalizedDTO,Supabase_Or_Outbox,EVID-NUC-P030-D
P030,E,RequestPayload,API_Gateway,NormalizedDTO,Supabase_Or_Outbox,EVID-NUC-P030-E
P030,F,RequestPayload,API_Gateway,NormalizedDTO,Supabase_Or_Outbox,EVID-NUC-P030-F
P030,G,RequestPayload,API_Gateway,NormalizedDTO,Supabase_Or_Outbox,EVID-NUC-P030-G
P030,H,RequestPayload,API_Gateway,NormalizedDTO,Supabase_Or_Outbox,EVID-NUC-P030-H
P030,I,RequestPayload,API_Gateway,NormalizedDTO,Supabase_Or_Outbox,EVID-NUC-P030-I
P030,J,RequestPayload,API_Gateway,NormalizedDTO,Supabase_Or_Outbox,EVID-NUC-P030-J
P031,A,RequestPayload,API_Gateway,NormalizedDTO,Supabase_Or_Outbox,EVID-NUC-P031-A
P031,B,RequestPayload,API_Gateway,NormalizedDTO,Supabase_Or_Outbox,EVID-NUC-P031-B
P031,C,RequestPayload,API_Gateway,NormalizedDTO,Supabase_Or_Outbox,EVID-NUC-P031-C
P031,D,RequestPayload,API_Gateway,NormalizedDTO,Supabase_Or_Outbox,EVID-NUC-P031-D
P031,E,RequestPayload,API_Gateway,NormalizedDTO,Supabase_Or_Outbox,EVID-NUC-P031-E
P031,F,RequestPayload,API_Gateway,NormalizedDTO,Supabase_Or_Outbox,EVID-NUC-P031-F
P031,G,RequestPayload,API_Gateway,NormalizedDTO,Supabase_Or_Outbox,EVID-NUC-P031-G
P031,H,RequestPayload,API_Gateway,NormalizedDTO,Supabase_Or_Outbox,EVID-NUC-P031-H
P031,I,RequestPayload,API_Gateway,NormalizedDTO,Supabase_Or_Outbox,EVID-NUC-P031-I
P031,J,RequestPayload,API_Gateway,NormalizedDTO,Supabase_Or_Outbox,EVID-NUC-P031-J
P032,A,RequestPayload,API_Gateway,NormalizedDTO,Supabase_Or_Outbox,EVID-NUC-P032-A
P032,B,RequestPayload,API_Gateway,NormalizedDTO,Supabase_Or_Outbox,EVID-NUC-P032-B
P032,C,RequestPayload,API_Gateway,NormalizedDTO,Supabase_Or_Outbox,EVID-NUC-P032-C
P032,D,RequestPayload,API_Gateway,NormalizedDTO,Supabase_Or_Outbox,EVID-NUC-P032-D
P032,E,RequestPayload,API_Gateway,NormalizedDTO,Supabase_Or_Outbox,EVID-NUC-P032-E
P032,F,RequestPayload,API_Gateway,NormalizedDTO,Supabase_Or_Outbox,EVID-NUC-P032-F
P032,G,RequestPayload,API_Gateway,NormalizedDTO,Supabase_Or_Outbox,EVID-NUC-P032-G
P032,H,RequestPayload,API_Gateway,NormalizedDTO,Supabase_Or_Outbox,EVID-NUC-P032-H
P032,I,RequestPayload,API_Gateway,NormalizedDTO,Supabase_Or_Outbox,EVID-NUC-P032-I
P032,J,RequestPayload,API_Gateway,NormalizedDTO,Supabase_Or_Outbox,EVID-NUC-P032-J
P033,A,RequestPayload,API_Gateway,NormalizedDTO,Supabase_Or_Outbox,EVID-NUC-P033-A
P033,B,RequestPayload,API_Gateway,NormalizedDTO,Supabase_Or_Outbox,EVID-NUC-P033-B
P033,C,RequestPayload,API_Gateway,NormalizedDTO,Supabase_Or_Outbox,EVID-NUC-P033-C
P033,D,RequestPayload,API_Gateway,NormalizedDTO,Supabase_Or_Outbox,EVID-NUC-P033-D
P033,E,RequestPayload,API_Gateway,NormalizedDTO,Supabase_Or_Outbox,EVID-NUC-P033-E
P033,F,RequestPayload,API_Gateway,NormalizedDTO,Supabase_Or_Outbox,EVID-NUC-P033-F
P033,G,RequestPayload,API_Gateway,NormalizedDTO,Supabase_Or_Outbox,EVID-NUC-P033-G
P033,H,RequestPayload,API_Gateway,NormalizedDTO,Supabase_Or_Outbox,EVID-NUC-P033-H
P033,I,RequestPayload,API_Gateway,NormalizedDTO,Supabase_Or_Outbox,EVID-NUC-P033-I
P033,J,RequestPayload,API_Gateway,NormalizedDTO,Supabase_Or_Outbox,EVID-NUC-P033-J
P034,A,RequestPayload,API_Gateway,NormalizedDTO,Supabase_Or_Outbox,EVID-NUC-P034-A
P034,B,RequestPayload,API_Gateway,NormalizedDTO,Supabase_Or_Outbox,EVID-NUC-P034-B
P034,C,RequestPayload,API_Gateway,NormalizedDTO,Supabase_Or_Outbox,EVID-NUC-P034-C
P034,D,RequestPayload,API_Gateway,NormalizedDTO,Supabase_Or_Outbox,EVID-NUC-P034-D
P034,E,RequestPayload,API_Gateway,NormalizedDTO,Supabase_Or_Outbox,EVID-NUC-P034-E
P034,F,RequestPayload,API_Gateway,NormalizedDTO,Supabase_Or_Outbox,EVID-NUC-P034-F
P034,G,RequestPayload,API_Gateway,NormalizedDTO,Supabase_Or_Outbox,EVID-NUC-P034-G
P034,H,RequestPayload,API_Gateway,NormalizedDTO,Supabase_Or_Outbox,EVID-NUC-P034-H
P034,I,RequestPayload,API_Gateway,NormalizedDTO,Supabase_Or_Outbox,EVID-NUC-P034-I
P034,J,RequestPayload,API_Gateway,NormalizedDTO,Supabase_Or_Outbox,EVID-NUC-P034-J
P035,A,RequestPayload,API_Gateway,NormalizedDTO,Supabase_Or_Outbox,EVID-NUC-P035-A
P035,B,RequestPayload,API_Gateway,NormalizedDTO,Supabase_Or_Outbox,EVID-NUC-P035-B
P035,C,RequestPayload,API_Gateway,NormalizedDTO,Supabase_Or_Outbox,EVID-NUC-P035-C
P035,D,RequestPayload,API_Gateway,NormalizedDTO,Supabase_Or_Outbox,EVID-NUC-P035-D
P035,E,RequestPayload,API_Gateway,NormalizedDTO,Supabase_Or_Outbox,EVID-NUC-P035-E
P035,F,RequestPayload,API_Gateway,NormalizedDTO,Supabase_Or_Outbox,EVID-NUC-P035-F
P035,G,RequestPayload,API_Gateway,NormalizedDTO,Supabase_Or_Outbox,EVID-NUC-P035-G
P035,H,RequestPayload,API_Gateway,NormalizedDTO,Supabase_Or_Outbox,EVID-NUC-P035-H
P035,I,RequestPayload,API_Gateway,NormalizedDTO,Supabase_Or_Outbox,EVID-NUC-P035-I
P035,J,RequestPayload,API_Gateway,NormalizedDTO,Supabase_Or_Outbox,EVID-NUC-P035-J
P036,A,RequestPayload,API_Gateway,NormalizedDTO,Supabase_Or_Outbox,EVID-NUC-P036-A
P036,B,RequestPayload,API_Gateway,NormalizedDTO,Supabase_Or_Outbox,EVID-NUC-P036-B
P036,C,RequestPayload,API_Gateway,NormalizedDTO,Supabase_Or_Outbox,EVID-NUC-P036-C
P036,D,RequestPayload,API_Gateway,NormalizedDTO,Supabase_Or_Outbox,EVID-NUC-P036-D
P036,E,RequestPayload,API_Gateway,NormalizedDTO,Supabase_Or_Outbox,EVID-NUC-P036-E
P036,F,RequestPayload,API_Gateway,NormalizedDTO,Supabase_Or_Outbox,EVID-NUC-P036-F
P036,G,RequestPayload,API_Gateway,NormalizedDTO,Supabase_Or_Outbox,EVID-NUC-P036-G
P036,H,RequestPayload,API_Gateway,NormalizedDTO,Supabase_Or_Outbox,EVID-NUC-P036-H
P036,I,RequestPayload,API_Gateway,NormalizedDTO,Supabase_Or_Outbox,EVID-NUC-P036-I
P036,J,RequestPayload,API_Gateway,NormalizedDTO,Supabase_Or_Outbox,EVID-NUC-P036-J
P037,A,RequestPayload,API_Gateway,NormalizedDTO,Supabase_Or_Outbox,EVID-NUC-P037-A
P037,B,RequestPayload,API_Gateway,NormalizedDTO,Supabase_Or_Outbox,EVID-NUC-P037-B
P037,C,RequestPayload,API_Gateway,NormalizedDTO,Supabase_Or_Outbox,EVID-NUC-P037-C
P037,D,RequestPayload,API_Gateway,NormalizedDTO,Supabase_Or_Outbox,EVID-NUC-P037-D
P037,E,RequestPayload,API_Gateway,NormalizedDTO,Supabase_Or_Outbox,EVID-NUC-P037-E
P037,F,RequestPayload,API_Gateway,NormalizedDTO,Supabase_Or_Outbox,EVID-NUC-P037-F
P037,G,RequestPayload,API_Gateway,NormalizedDTO,Supabase_Or_Outbox,EVID-NUC-P037-G
P037,H,RequestPayload,API_Gateway,NormalizedDTO,Supabase_Or_Outbox,EVID-NUC-P037-H
P037,I,RequestPayload,API_Gateway,NormalizedDTO,Supabase_Or_Outbox,EVID-NUC-P037-I
P037,J,RequestPayload,API_Gateway,NormalizedDTO,Supabase_Or_Outbox,EVID-NUC-P037-J
P038,A,RequestPayload,API_Gateway,NormalizedDTO,Supabase_Or_Outbox,EVID-NUC-P038-A
P038,B,RequestPayload,API_Gateway,NormalizedDTO,Supabase_Or_Outbox,EVID-NUC-P038-B
P038,C,RequestPayload,API_Gateway,NormalizedDTO,Supabase_Or_Outbox,EVID-NUC-P038-C
P038,D,RequestPayload,API_Gateway,NormalizedDTO,Supabase_Or_Outbox,EVID-NUC-P038-D
P038,E,RequestPayload,API_Gateway,NormalizedDTO,Supabase_Or_Outbox,EVID-NUC-P038-E
P038,F,RequestPayload,API_Gateway,NormalizedDTO,Supabase_Or_Outbox,EVID-NUC-P038-F
P038,G,RequestPayload,API_Gateway,NormalizedDTO,Supabase_Or_Outbox,EVID-NUC-P038-G
P038,H,RequestPayload,API_Gateway,NormalizedDTO,Supabase_Or_Outbox,EVID-NUC-P038-H
P038,I,RequestPayload,API_Gateway,NormalizedDTO,Supabase_Or_Outbox,EVID-NUC-P038-I
P038,J,RequestPayload,API_Gateway,NormalizedDTO,Supabase_Or_Outbox,EVID-NUC-P038-J
P039,A,RequestPayload,API_Gateway,NormalizedDTO,Supabase_Or_Outbox,EVID-NUC-P039-A
P039,B,RequestPayload,API_Gateway,NormalizedDTO,Supabase_Or_Outbox,EVID-NUC-P039-B
P039,C,RequestPayload,API_Gateway,NormalizedDTO,Supabase_Or_Outbox,EVID-NUC-P039-C
P039,D,RequestPayload,API_Gateway,NormalizedDTO,Supabase_Or_Outbox,EVID-NUC-P039-D
P039,E,RequestPayload,API_Gateway,NormalizedDTO,Supabase_Or_Outbox,EVID-NUC-P039-E
P039,F,RequestPayload,API_Gateway,NormalizedDTO,Supabase_Or_Outbox,EVID-NUC-P039-F
P039,G,RequestPayload,API_Gateway,NormalizedDTO,Supabase_Or_Outbox,EVID-NUC-P039-G
P039,H,RequestPayload,API_Gateway,NormalizedDTO,Supabase_Or_Outbox,EVID-NUC-P039-H
P039,I,RequestPayload,API_Gateway,NormalizedDTO,Supabase_Or_Outbox,EVID-NUC-P039-I
P039,J,RequestPayload,API_Gateway,NormalizedDTO,Supabase_Or_Outbox,EVID-NUC-P039-J
P040,A,RequestPayload,API_Gateway,NormalizedDTO,Supabase_Or_Outbox,EVID-NUC-P040-A
P040,B,RequestPayload,API_Gateway,NormalizedDTO,Supabase_Or_Outbox,EVID-NUC-P040-B
P040,C,RequestPayload,API_Gateway,NormalizedDTO,Supabase_Or_Outbox,EVID-NUC-P040-C
P040,D,RequestPayload,API_Gateway,NormalizedDTO,Supabase_Or_Outbox,EVID-NUC-P040-D
P040,E,RequestPayload,API_Gateway,NormalizedDTO,Supabase_Or_Outbox,EVID-NUC-P040-E
P040,F,RequestPayload,API_Gateway,NormalizedDTO,Supabase_Or_Outbox,EVID-NUC-P040-F
P040,G,RequestPayload,API_Gateway,NormalizedDTO,Supabase_Or_Outbox,EVID-NUC-P040-G
P040,H,RequestPayload,API_Gateway,NormalizedDTO,Supabase_Or_Outbox,EVID-NUC-P040-H
P040,I,RequestPayload,API_Gateway,NormalizedDTO,Supabase_Or_Outbox,EVID-NUC-P040-I
P040,J,RequestPayload,API_Gateway,NormalizedDTO,Supabase_Or_Outbox,EVID-NUC-P040-J
P041,A,RequestPayload,API_Gateway,NormalizedDTO,Supabase_Or_Outbox,EVID-NUC-P041-A
P041,B,RequestPayload,API_Gateway,NormalizedDTO,Supabase_Or_Outbox,EVID-NUC-P041-B
P041,C,RequestPayload,API_Gateway,NormalizedDTO,Supabase_Or_Outbox,EVID-NUC-P041-C
P041,D,RequestPayload,API_Gateway,NormalizedDTO,Supabase_Or_Outbox,EVID-NUC-P041-D
P041,E,RequestPayload,API_Gateway,NormalizedDTO,Supabase_Or_Outbox,EVID-NUC-P041-E
P041,F,RequestPayload,API_Gateway,NormalizedDTO,Supabase_Or_Outbox,EVID-NUC-P041-F
P041,G,RequestPayload,API_Gateway,NormalizedDTO,Supabase_Or_Outbox,EVID-NUC-P041-G
P041,H,RequestPayload,API_Gateway,NormalizedDTO,Supabase_Or_Outbox,EVID-NUC-P041-H
P041,I,RequestPayload,API_Gateway,NormalizedDTO,Supabase_Or_Outbox,EVID-NUC-P041-I
P041,J,RequestPayload,API_Gateway,NormalizedDTO,Supabase_Or_Outbox,EVID-NUC-P041-J
P042,A,RequestPayload,API_Gateway,NormalizedDTO,Supabase_Or_Outbox,EVID-NUC-P042-A
P042,B,RequestPayload,API_Gateway,NormalizedDTO,Supabase_Or_Outbox,EVID-NUC-P042-B
P042,C,RequestPayload,API_Gateway,NormalizedDTO,Supabase_Or_Outbox,EVID-NUC-P042-C
P042,D,RequestPayload,API_Gateway,NormalizedDTO,Supabase_Or_Outbox,EVID-NUC-P042-D
P042,E,RequestPayload,API_Gateway,NormalizedDTO,Supabase_Or_Outbox,EVID-NUC-P042-E
P042,F,RequestPayload,API_Gateway,NormalizedDTO,Supabase_Or_Outbox,EVID-NUC-P042-F
P042,G,RequestPayload,API_Gateway,NormalizedDTO,Supabase_Or_Outbox,EVID-NUC-P042-G
P042,H,RequestPayload,API_Gateway,NormalizedDTO,Supabase_Or_Outbox,EVID-NUC-P042-H
P042,I,RequestPayload,API_Gateway,NormalizedDTO,Supabase_Or_Outbox,EVID-NUC-P042-I
P042,J,RequestPayload,API_Gateway,NormalizedDTO,Supabase_Or_Outbox,EVID-NUC-P042-J
P043,A,RequestPayload,API_Gateway,NormalizedDTO,Supabase_Or_Outbox,EVID-NUC-P043-A
P043,B,RequestPayload,API_Gateway,NormalizedDTO,Supabase_Or_Outbox,EVID-NUC-P043-B
P043,C,RequestPayload,API_Gateway,NormalizedDTO,Supabase_Or_Outbox,EVID-NUC-P043-C
P043,D,RequestPayload,API_Gateway,NormalizedDTO,Supabase_Or_Outbox,EVID-NUC-P043-D
P043,E,RequestPayload,API_Gateway,NormalizedDTO,Supabase_Or_Outbox,EVID-NUC-P043-E
P043,F,RequestPayload,API_Gateway,NormalizedDTO,Supabase_Or_Outbox,EVID-NUC-P043-F
P043,G,RequestPayload,API_Gateway,NormalizedDTO,Supabase_Or_Outbox,EVID-NUC-P043-G
P043,H,RequestPayload,API_Gateway,NormalizedDTO,Supabase_Or_Outbox,EVID-NUC-P043-H
P043,I,RequestPayload,API_Gateway,NormalizedDTO,Supabase_Or_Outbox,EVID-NUC-P043-I
P043,J,RequestPayload,API_Gateway,NormalizedDTO,Supabase_Or_Outbox,EVID-NUC-P043-J
P044,A,RequestPayload,API_Gateway,NormalizedDTO,Supabase_Or_Outbox,EVID-NUC-P044-A
P044,B,RequestPayload,API_Gateway,NormalizedDTO,Supabase_Or_Outbox,EVID-NUC-P044-B
P044,C,RequestPayload,API_Gateway,NormalizedDTO,Supabase_Or_Outbox,EVID-NUC-P044-C
P044,D,RequestPayload,API_Gateway,NormalizedDTO,Supabase_Or_Outbox,EVID-NUC-P044-D
P044,E,RequestPayload,API_Gateway,NormalizedDTO,Supabase_Or_Outbox,EVID-NUC-P044-E
P044,F,RequestPayload,API_Gateway,NormalizedDTO,Supabase_Or_Outbox,EVID-NUC-P044-F
P044,G,RequestPayload,API_Gateway,NormalizedDTO,Supabase_Or_Outbox,EVID-NUC-P044-G
P044,H,RequestPayload,API_Gateway,NormalizedDTO,Supabase_Or_Outbox,EVID-NUC-P044-H
P044,I,RequestPayload,API_Gateway,NormalizedDTO,Supabase_Or_Outbox,EVID-NUC-P044-I
P044,J,RequestPayload,API_Gateway,NormalizedDTO,Supabase_Or_Outbox,EVID-NUC-P044-J
P045,A,RequestPayload,API_Gateway,NormalizedDTO,Supabase_Or_Outbox,EVID-NUC-P045-A
P045,B,RequestPayload,API_Gateway,NormalizedDTO,Supabase_Or_Outbox,EVID-NUC-P045-B
P045,C,RequestPayload,API_Gateway,NormalizedDTO,Supabase_Or_Outbox,EVID-NUC-P045-C
P045,D,RequestPayload,API_Gateway,NormalizedDTO,Supabase_Or_Outbox,EVID-NUC-P045-D
P045,E,RequestPayload,API_Gateway,NormalizedDTO,Supabase_Or_Outbox,EVID-NUC-P045-E
P045,F,RequestPayload,API_Gateway,NormalizedDTO,Supabase_Or_Outbox,EVID-NUC-P045-F
P045,G,RequestPayload,API_Gateway,NormalizedDTO,Supabase_Or_Outbox,EVID-NUC-P045-G
P045,H,RequestPayload,API_Gateway,NormalizedDTO,Supabase_Or_Outbox,EVID-NUC-P045-H
P045,I,RequestPayload,API_Gateway,NormalizedDTO,Supabase_Or_Outbox,EVID-NUC-P045-I
P045,J,RequestPayload,API_Gateway,NormalizedDTO,Supabase_Or_Outbox,EVID-NUC-P045-J
P046,A,RequestPayload,API_Gateway,NormalizedDTO,Supabase_Or_Outbox,EVID-NUC-P046-A
P046,B,RequestPayload,API_Gateway,NormalizedDTO,Supabase_Or_Outbox,EVID-NUC-P046-B
P046,C,RequestPayload,API_Gateway,NormalizedDTO,Supabase_Or_Outbox,EVID-NUC-P046-C
P046,D,RequestPayload,API_Gateway,NormalizedDTO,Supabase_Or_Outbox,EVID-NUC-P046-D
P046,E,RequestPayload,API_Gateway,NormalizedDTO,Supabase_Or_Outbox,EVID-NUC-P046-E
P046,F,RequestPayload,API_Gateway,NormalizedDTO,Supabase_Or_Outbox,EVID-NUC-P046-F
P046,G,RequestPayload,API_Gateway,NormalizedDTO,Supabase_Or_Outbox,EVID-NUC-P046-G
P046,H,RequestPayload,API_Gateway,NormalizedDTO,Supabase_Or_Outbox,EVID-NUC-P046-H
P046,I,RequestPayload,API_Gateway,NormalizedDTO,Supabase_Or_Outbox,EVID-NUC-P046-I
P046,J,RequestPayload,API_Gateway,NormalizedDTO,Supabase_Or_Outbox,EVID-NUC-P046-J
P047,A,RequestPayload,API_Gateway,NormalizedDTO,Supabase_Or_Outbox,EVID-NUC-P047-A
P047,B,RequestPayload,API_Gateway,NormalizedDTO,Supabase_Or_Outbox,EVID-NUC-P047-B
P047,C,RequestPayload,API_Gateway,NormalizedDTO,Supabase_Or_Outbox,EVID-NUC-P047-C
P047,D,RequestPayload,API_Gateway,NormalizedDTO,Supabase_Or_Outbox,EVID-NUC-P047-D
P047,E,RequestPayload,API_Gateway,NormalizedDTO,Supabase_Or_Outbox,EVID-NUC-P047-E
P047,F,RequestPayload,API_Gateway,NormalizedDTO,Supabase_Or_Outbox,EVID-NUC-P047-F
P047,G,RequestPayload,API_Gateway,NormalizedDTO,Supabase_Or_Outbox,EVID-NUC-P047-G
P047,H,RequestPayload,API_Gateway,NormalizedDTO,Supabase_Or_Outbox,EVID-NUC-P047-H
P047,I,RequestPayload,API_Gateway,NormalizedDTO,Supabase_Or_Outbox,EVID-NUC-P047-I
P047,J,RequestPayload,API_Gateway,NormalizedDTO,Supabase_Or_Outbox,EVID-NUC-P047-J
P048,A,RequestPayload,API_Gateway,NormalizedDTO,Supabase_Or_Outbox,EVID-NUC-P048-A
P048,B,RequestPayload,API_Gateway,NormalizedDTO,Supabase_Or_Outbox,EVID-NUC-P048-B
P048,C,RequestPayload,API_Gateway,NormalizedDTO,Supabase_Or_Outbox,EVID-NUC-P048-C
P048,D,RequestPayload,API_Gateway,NormalizedDTO,Supabase_Or_Outbox,EVID-NUC-P048-D
P048,E,RequestPayload,API_Gateway,NormalizedDTO,Supabase_Or_Outbox,EVID-NUC-P048-E
P048,F,RequestPayload,API_Gateway,NormalizedDTO,Supabase_Or_Outbox,EVID-NUC-P048-F
P048,G,RequestPayload,API_Gateway,NormalizedDTO,Supabase_Or_Outbox,EVID-NUC-P048-G
P048,H,RequestPayload,API_Gateway,NormalizedDTO,Supabase_Or_Outbox,EVID-NUC-P048-H
P048,I,RequestPayload,API_Gateway,NormalizedDTO,Supabase_Or_Outbox,EVID-NUC-P048-I
P048,J,RequestPayload,API_Gateway,NormalizedDTO,Supabase_Or_Outbox,EVID-NUC-P048-J
P049,A,RequestPayload,API_Gateway,NormalizedDTO,Supabase_Or_Outbox,EVID-NUC-P049-A
P049,B,RequestPayload,API_Gateway,NormalizedDTO,Supabase_Or_Outbox,EVID-NUC-P049-B
P049,C,RequestPayload,API_Gateway,NormalizedDTO,Supabase_Or_Outbox,EVID-NUC-P049-C
P049,D,RequestPayload,API_Gateway,NormalizedDTO,Supabase_Or_Outbox,EVID-NUC-P049-D
P049,E,RequestPayload,API_Gateway,NormalizedDTO,Supabase_Or_Outbox,EVID-NUC-P049-E
P049,F,RequestPayload,API_Gateway,NormalizedDTO,Supabase_Or_Outbox,EVID-NUC-P049-F
P049,G,RequestPayload,API_Gateway,NormalizedDTO,Supabase_Or_Outbox,EVID-NUC-P049-G
P049,H,RequestPayload,API_Gateway,NormalizedDTO,Supabase_Or_Outbox,EVID-NUC-P049-H
P049,I,RequestPayload,API_Gateway,NormalizedDTO,Supabase_Or_Outbox,EVID-NUC-P049-I
P049,J,RequestPayload,API_Gateway,NormalizedDTO,Supabase_Or_Outbox,EVID-NUC-P049-J
P050,A,RequestPayload,API_Gateway,NormalizedDTO,Supabase_Or_Outbox,EVID-NUC-P050-A
P050,B,RequestPayload,API_Gateway,NormalizedDTO,Supabase_Or_Outbox,EVID-NUC-P050-B
P050,C,RequestPayload,API_Gateway,NormalizedDTO,Supabase_Or_Outbox,EVID-NUC-P050-C
P050,D,RequestPayload,API_Gateway,NormalizedDTO,Supabase_Or_Outbox,EVID-NUC-P050-D
P050,E,RequestPayload,API_Gateway,NormalizedDTO,Supabase_Or_Outbox,EVID-NUC-P050-E
P050,F,RequestPayload,API_Gateway,NormalizedDTO,Supabase_Or_Outbox,EVID-NUC-P050-F
P050,G,RequestPayload,API_Gateway,NormalizedDTO,Supabase_Or_Outbox,EVID-NUC-P050-G
P050,H,RequestPayload,API_Gateway,NormalizedDTO,Supabase_Or_Outbox,EVID-NUC-P050-H
P050,I,RequestPayload,API_Gateway,NormalizedDTO,Supabase_Or_Outbox,EVID-NUC-P050-I
P050,J,RequestPayload,API_Gateway,NormalizedDTO,Supabase_Or_Outbox,EVID-NUC-P050-J
