guardrail_id,name,plane,severity,policy_ref,target_environment,is_monotonic,rule_summary,remediation_guide
GRD-PRE-REQ-01,OIDC Short-Lived Workflow Identity Token,PRE_REQUEST,BLOCKING,POL-IDENTITY-01,PRODUCTION,true,token.isOidcShortLived && token.exp <= 3600,Exchange cloud workload identity federation token instead of static API secrets.
GRD-PRE-COMMIT-01,Zero Secrets in Git AST Tree,PRE_COMMIT,BLOCKING,POL-SEC-SECRETS,DEVELOPMENT,true,secretScanner.findExposedSecrets(diff).length === 0,Remove sensitive keys from source; route through Supabase Vault or environment variables.
GRD-PRE-MERGE-01,Branch Protection & Dual Review Enforcement,PRE_MERGE,BLOCKING,POL-BRANCH-PROT,STAGING,true,pr.approvals >= 2 && !pr.hasForcePush && pr.linearHistoryPreserved,Acquire peer architectural approval and ensure Lovable linear git history is untouched.
GRD-PRE-BUILD-01,Pinned Dependencies & Immutable Lockfile,PRE_BUILD,BLOCKING,POL-SUPPLY-CHAIN-01,STAGING,true,packageLock.hasExactHashes && packageLock.integrityMatches(packageJson),Run bun install --frozen-lockfile to ensure reproducible deterministic builds.
GRD-PRE-TEST-01,Hermetic Test Sandboxing & Mock Isolation,PRE_TEST,HIGH,POL-TEST-ISOLATION,TESTING,true,testRunner.isHermetic && !testRunner.hasExternalNetworkEgress,Run unit and integration suites in hermetic runner containers.
GRD-PRE-PUBLISH-01,SLSA Level 3 Provenance & Cosign Artifact Attestation,PRE_PUBLISH,BLOCKING,POL-SLSA-03,PRODUCTION,true,artifact.hasSignedProvenance && artifact.slsaLevel >= 'SLSA_BUILD_L3',Sign container and bundle artifacts using Sigstore Cosign with GitHub OIDC identity.
GRD-PRE-DEPLOY-01,Blueprint Graph Release Gate Convergence Invariant,PRE_DEPLOY,BLOCKING,POL-GATE-CONVERGENCE,PRODUCTION,true,releaseGateEngine.evaluateReleaseReadiness().blockingGateIds.length === 0,Resolve all failing or blocked gates in the Blueprint Graph before initiating deployment.
GRD-ADMISSION-01,Kubernetes/Cloud Admission Controller Gate,ADMISSION,BLOCKING,POL-ADMISSION-OPA,PRODUCTION,true,admissionReview.image.isCosignVerified && !admissionReview.container.runsAsRoot,Deploy non-root signed images matching production admission policy.
GRD-RUNTIME-01,Continuous Telemetry & Error Spike Sentinel,RUNTIME,CRITICAL,POL-RUNTIME-SLO,PRODUCTION,false,runtimeMetrics.p99LatencyMs <= 300 && runtimeMetrics.errorRate <= 0.001,Inspect Sentry traces and automatically trigger canary rollback if error budget breached.
GRD-POST-DEPLOY-01,Transactional Synthetic Smoke Journey Verification,POST_DEPLOY,BLOCKING,POL-SMOKE-JOURNEY,CANARY,true,syntheticJourney.loginAndWorkspaceAccess.status === 'PASSED',Execute automated Playwright synthetic probe verifying end-to-end user flows.
GRD-CONTINUOUS-01,Continuous RLS & AST Drift Invalidation Sentinel,CONTINUOUS,HIGH,POL-CONTINUOUS-DRIFT,PRODUCTION,false,architectureDriftEngine.evaluateDrift().summary.criticalCount === 0,Continuously scan active database RLS policies and code AST for boundary drift.
