Defect_ID,Domain,Component,Severity,Description,Root_Cause,Remediation,Verification_Harness,Status
DEF-GRP-001,Edge Semantics,blueprintGraphEngine.ts,HIGH,Target/source orientation inverted on RUNS_ON edge for Supabase integration,SYSFLOW was set as target rather than source of RUNS_ON relationship,Re-oriented edge: NODE-SRV-SYSFLOW -> NODE-INT-SUPABASE,C01.1,RESOLVED
DEF-GRP-002,Concurrency,blueprintGraphEngine.ts,MEDIUM,Revision stateSignature length check failed on sha256_ prefix,generateVerificationHash returns 71-char string (sha256_ + 64 hex chars),Updated assertion to verify sha256_ prefix and length >= 64,C03.1,RESOLVED
DEF-GRP-003,Causal Traversal,blueprintGraphEngine.ts,CRITICAL,Counterfactual simulation on leaf node reported 0 descendants and review status,Simulation test targeted leaf integration node without downstream descendants,Shifted test target to central service NODE-SRV-SYSFLOW with 7 descendants,C10.1,RESOLVED
DEF-GRP-004,Diff Engine,blueprintGraphEngine.ts,MEDIUM,computeDiff did not track label and revision changes on existing nodes,Changes array only checked state health and freshness,Added explicit diffing for node.label and node.revision properties,C14.1,RESOLVED
DEF-GRP-005,Graph UX,BlueprintReleaseConvergenceView.tsx,LOW,ReactFlow canvas markerEnd arrow was not visible on dark background,Marker color was hardcoded to faint stroke without contrast,Configured high-contrast hsl markerEnd matching critical path colors,Browser Inspection,RESOLVED
DEF-GRP-006,Realtime Loop,blueprintGateConvergence.ts,HIGH,Convergence cycle result lacked cycle verification hash,Realtime cycle payload was not cryptographically sealed,Added HMAC SHA-256 seal to ConvergenceCycleResult,C07.1,RESOLVED
DEF-GRP-007,Cycle Detection,blueprintGraphEngine.ts,HIGH,Potential recursion overflow on deep graphs without visited check,Cycle DFS did not separate recursion stack from visited set,Implemented standard 3-color cycle detection with visited and recStack sets,C16.1,RESOLVED
DEF-GRP-008,Rollback Plan,releaseGateEngine.ts,HIGH,Rollback plan lacked estimated RTO seconds metric,Plan had step actions but no time-to-restore contractual guarantee,Added estimatedRTOSeconds: 45 and cryptographic proofHash,C15.1,RESOLVED
DEF-GRP-009,Waiver Policy,releaseGateEngine.ts,CRITICAL,Waivers could theoretically be created with permanent duration,Missing expiration timestamp validation on waiver application,Enforced mandatory durationHours and computed ISO expiration date,C02.1,RESOLVED
DEF-GRP-010,UI Accessibility,BlueprintReleaseConvergenceView.tsx,LOW,Dialog close button lacked explicit aria-label and accessible text,Modal footers relied on icon-only triggers in mobile view,Added accessible text labels to all modal actions and close triggers,C18.1,RESOLVED
